site_id,label,ml_um,ap_um,dv_um,allen_region_id,acronym,mean_firing_rate_hz,good_unit_count
383,ch382-383,-1988.0,-5323.0,-2547.0,-1091,CUL4 5,,0
381,ch380-381,-1992.0,-5322.0,-2567.0,-1091,CUL4 5,7.617520014444987,3
379,ch378-379,-1995.0,-5320.0,-2586.0,-1091,CUL4 5,2.1612606048583984,1
377,ch376-377,-1998.0,-5318.0,-2606.0,-1091,CUL4 5,,0
375,ch374-375,-2001.0,-5317.0,-2625.0,-1091,CUL4 5,1.9592889547348022,1
373,ch372-373,-2004.0,-5315.0,-2644.0,-1091,CUL4 5,2.9080216884613037,1
371,ch370-371,-2008.0,-5314.0,-2664.0,-1091,CUL4 5,6.672040939331055,1
369,ch368-369,-2011.0,-5312.0,-2683.0,-1091,CUL4 5,7.116657733917236,2
367,ch366-367,-2014.0,-5311.0,-2702.0,-1091,CUL4 5,19.974519729614258,1
365,ch364-365,-2017.0,-5309.0,-2722.0,-1091,CUL4 5,12.378382682800293,2
363,ch362-363,-2021.0,-5308.0,-2741.0,-1091,CUL4 5,6.964191436767578,3
361,ch360-361,-2024.0,-5306.0,-2760.0,-1091,CUL4 5,14.21425724029541,1
359,ch358-359,-2027.0,-5305.0,-2780.0,-1091,CUL4 5,8.436175346374512,3
357,ch356-357,-2030.0,-5303.0,-2799.0,-1091,CUL4 5,4.967018127441406,3
355,ch354-355,-2033.0,-5301.0,-2818.0,-1091,CUL4 5,,0
353,ch352-353,-2037.0,-5300.0,-2838.0,-1091,CUL4 5,14.806227684020996,1
351,ch350-351,-2041.0,-5300.0,-2857.0,-1091,CUL4 5,8.16474962234497,2
349,ch348-349,-2045.0,-5300.0,-2876.0,-1091,CUL4 5,3.341017484664917,1
347,ch346-347,-2049.0,-5300.0,-2895.0,-1091,CUL4 5,7.371388912200928,1
345,ch344-345,-2054.0,-5300.0,-2915.0,-1091,CUL4 5,11.720405578613281,1
343,ch342-343,-2058.0,-5300.0,-2934.0,-1091,CUL4 5,6.6500773429870605,2
341,ch340-341,-2062.0,-5300.0,-2953.0,-1091,CUL4 5,2.88106107711792,1
339,ch338-339,-2066.0,-5300.0,-2972.0,-1091,CUL4 5,7.819259166717529,1
337,ch336-337,-2071.0,-5300.0,-2991.0,-1091,CUL4 5,12.201976776123047,1
335,ch334-335,-2075.0,-5300.0,-3011.0,-1091,CUL4 5,1.7929546038309734,3
333,ch332-333,-2079.0,-5300.0,-3030.0,-1091,CUL4 5,35.98374557495117,1
331,ch330-331,-2083.0,-5300.0,-3049.0,-1091,CUL4 5,,0
329,ch328-329,-2088.0,-5299.0,-3068.0,-1091,CUL4 5,,0
327,ch326-327,-2091.0,-5298.0,-3087.0,-1091,CUL4 5,,0
325,ch324-325,-2095.0,-5296.0,-3107.0,-1091,CUL4 5,27.884733200073242,3
323,ch322-323,-2098.0,-5294.0,-3126.0,-1091,CUL4 5,3.7177681922912598,1
321,ch320-321,-2102.0,-5292.0,-3145.0,-1091,CUL4 5,16.28917494416237,2
319,ch318-319,-2105.0,-5290.0,-3165.0,-1091,CUL4 5,20.105138778686523,1
317,ch316-317,-2109.0,-5289.0,-3184.0,-1091,CUL4 5,16.76121711730957,2
315,ch314-315,-2112.0,-5287.0,-3203.0,-1091,CUL4 5,,0
313,ch312-313,-2116.0,-5285.0,-3222.0,-1091,CUL4 5,6.052180886268616,2
311,ch310-311,-2119.0,-5283.0,-3242.0,-728,arb,4.183535099029541,1
309,ch308-309,-2123.0,-5281.0,-3261.0,-728,arb,,0
307,ch306-307,-2126.0,-5279.0,-3280.0,-728,arb,5.284037113189697,1
305,ch304-305,-2130.0,-5278.0,-3300.0,-1091,CUL4 5,,0
303,ch302-303,-2133.0,-5276.0,-3319.0,-728,arb,,0
301,ch300-301,-2137.0,-5274.0,-3338.0,-728,arb,,0
299,ch298-299,-2139.0,-5272.0,-3358.0,-728,arb,,0
297,ch296-297,-2140.0,-5271.0,-3377.0,-728,arb,1.9348849058151245,1
295,ch294-295,-2142.0,-5269.0,-3397.0,-728,arb,17.561317443847656,1
293,ch292-293,-2143.0,-5268.0,-3416.0,-728,arb,,0
291,ch290-291,-2145.0,-5267.0,-3436.0,-728,arb,70.67431640625,1
289,ch288-289,-2146.0,-5265.0,-3456.0,-728,arb,1.422866702079773,1
287,ch286-287,-2148.0,-5264.0,-3475.0,-728,arb,20.613749225934345,3
285,ch284-285,-2149.0,-5262.0,-3495.0,-1091,CUL4 5,25.294350147247314,4
283,ch282-283,-2151.0,-5261.0,-3514.0,-984,CENT3,9.503713607788086,2
281,ch280-281,-2152.0,-5259.0,-3534.0,-984,CENT3,30.576528549194336,2
279,ch278-279,-2154.0,-5258.0,-3554.0,-984,CENT3,83.40314025878907,5
277,ch276-277,-2155.0,-5256.0,-3573.0,-984,CENT3,38.88444900512695,2
275,ch274-275,-2157.0,-5255.0,-3593.0,-984,CENT3,63.655738830566406,3
273,ch272-273,-2158.0,-5254.0,-3612.0,-984,CENT3,2.3603272438049316,2
271,ch270-271,-2160.0,-5252.0,-3632.0,-984,CENT3,,0
269,ch268-269,-2161.0,-5251.0,-3651.0,-984,CENT3,16.86522388458252,4
267,ch266-267,-2163.0,-5250.0,-3671.0,-984,CENT3,16.70239884512765,7
265,ch264-265,-2167.0,-5250.0,-3690.0,-984,CENT3,22.007951259613037,4
263,ch262-263,-2171.0,-5250.0,-3709.0,-984,CENT3,13.903979437691826,7
261,ch260-261,-2175.0,-5250.0,-3729.0,-984,CENT3,13.603616078694662,3
259,ch258-259,-2179.0,-5250.0,-3748.0,-728,arb,7.56461626291275,8
257,ch256-257,-2183.0,-5250.0,-3767.0,-728,arb,11.267073631286621,8
255,ch254-255,-2187.0,-5250.0,-3786.0,-728,arb,8.483302879333497,10
253,ch252-253,-2191.0,-5250.0,-3806.0,-728,arb,12.059039831161499,4
251,ch250-251,-2195.0,-5250.0,-3825.0,-728,arb,14.727763366699218,5
249,ch248-249,-2199.0,-5250.0,-3844.0,-728,arb,39.136659940083824,3
247,ch246-247,-2203.0,-5250.0,-3864.0,-728,arb,22.132875442504883,2
245,ch244-245,-2207.0,-5250.0,-3883.0,-728,arb,9.999378885541644,7
243,ch242-243,-2211.0,-5250.0,-3902.0,-728,arb,8.593678188323974,10
241,ch240-241,-2214.0,-5250.0,-3921.0,-728,arb,17.533427810668947,5
239,ch238-239,-2216.0,-5250.0,-3941.0,-728,arb,3.5900307655334474,5
237,ch236-237,-2218.0,-5250.0,-3961.0,-728,arb,12.275189638137817,4
235,ch234-235,-2220.0,-5250.0,-3980.0,-728,arb,13.899213314056396,4
233,ch232-233,-2222.0,-5250.0,-4000.0,-728,arb,20.815643946329754,3
231,ch230-231,-2224.0,-5250.0,-4019.0,-728,arb,11.503326416015625,1
229,ch228-229,-2226.0,-5250.0,-4039.0,-728,arb,8.989177385965982,6
227,ch226-227,-2229.0,-5250.0,-4058.0,-728,arb,8.702450207301549,7
225,ch224-225,-2231.0,-5250.0,-4078.0,-728,arb,12.252372781435648,6
223,ch222-223,-2233.0,-5250.0,-4098.0,-728,arb,10.534705570765905,7
221,ch220-221,-2235.0,-5250.0,-4117.0,-728,arb,9.832211335500082,9
219,ch218-219,-2237.0,-5250.0,-4137.0,-728,arb,13.000799179077148,7
217,ch216-217,-2242.0,-5248.0,-4156.0,-728,arb,11.205676078796387,6
215,ch214-215,-2248.0,-5246.0,-4174.0,-728,arb,5.6363257467746735,4
213,ch212-213,-2254.0,-5244.0,-4193.0,-728,arb,7.903511047363281,4
211,ch210-211,-2260.0,-5242.0,-4211.0,-728,arb,41.407989263534546,4
209,ch208-209,-2267.0,-5240.0,-4230.0,-728,arb,,0
207,ch206-207,-2273.0,-5238.0,-4248.0,-728,arb,38.36285940806071,3
205,ch204-205,-2279.0,-5236.0,-4267.0,-728,arb,11.993846893310547,2
203,ch202-203,-2285.0,-5234.0,-4285.0,-771,P,6.059269428253174,4
201,ch200-201,-2292.0,-5231.0,-4304.0,-771,P,37.148104667663574,4
199,ch198-199,-2298.0,-5229.0,-4322.0,-771,P,13.470099639892577,5
197,ch196-197,-2304.0,-5227.0,-4341.0,-771,P,12.669448852539062,3
195,ch194-195,-2310.0,-5225.0,-4360.0,-771,P,7.946779886881511,3
193,ch192-193,-2315.0,-5224.0,-4378.0,-771,P,59.79758961995443,3
191,ch190-191,-2320.0,-5222.0,-4398.0,-771,P,4.803163051605225,1
189,ch188-189,-2324.0,-5220.0,-4417.0,-771,P,8.6015804708004,2
187,ch186-187,-2328.0,-5219.0,-4436.0,-771,P,10.453724225362143,3
185,ch184-185,-2333.0,-5217.0,-4455.0,-771,P,30.085272471110027,3
183,ch182-183,-2337.0,-5216.0,-4474.0,-771,P,,0
181,ch180-181,-2342.0,-5214.0,-4493.0,-771,P,1.3824259042739868,2
179,ch178-179,-2346.0,-5213.0,-4512.0,-771,P,2.432551383972168,4
177,ch176-177,-2350.0,-5211.0,-4531.0,-771,P,7.26401162147522,4
175,ch174-175,-2355.0,-5210.0,-4551.0,-101,VCO,3.093724012374878,4
173,ch172-173,-2359.0,-5208.0,-4570.0,-101,VCO,5.76212215423584,1
171,ch170-171,-2364.0,-5207.0,-4589.0,-101,VCO,6.617771148681641,2
169,ch168-169,-2368.0,-5205.0,-4608.0,-101,VCO,2.3490548133850098,1
167,ch166-167,-2372.0,-5204.0,-4627.0,-101,VCO,,0
165,ch164-165,-2377.0,-5202.0,-4646.0,-101,VCO,9.824915647506714,2
163,ch162-163,-2381.0,-5201.0,-4665.0,-101,VCO,10.075114250183105,1
161,ch160-161,-2386.0,-5199.0,-4684.0,-101,VCO,,0
159,ch158-159,-2391.0,-5197.0,-4703.0,-101,VCO,10.972831010818481,2
157,ch156-157,-2397.0,-5194.0,-4721.0,-771,P,8.160333514213562,4
155,ch154-155,-2403.0,-5191.0,-4740.0,-771,P,21.564146041870117,2
153,ch152-153,-2409.0,-5188.0,-4758.0,-771,P,11.773242473602295,3
151,ch150-151,-2416.0,-5185.0,-4777.0,-771,P,9.504626546587263,7
149,ch148-149,-2422.0,-5182.0,-4795.0,-771,P,5.873992919921875,3
147,ch146-147,-2428.0,-5179.0,-4814.0,-354,MY,9.211388349533081,4
145,ch144-145,-2434.0,-5176.0,-4832.0,-354,MY,3.130601167678833,3
143,ch142-143,-2440.0,-5173.0,-4851.0,-354,MY,9.980984687805176,4
141,ch140-141,-2444.0,-5171.0,-4870.0,-413,vVIIIn,,0
139,ch138-139,-2449.0,-5168.0,-4889.0,-413,vVIIIn,11.594124952952066,3
137,ch136-137,-2454.0,-5166.0,-4908.0,-413,vVIIIn,6.093783537546794,3
135,ch134-135,-2459.0,-5164.0,-4927.0,-413,vVIIIn,9.241138577461243,4
133,ch132-133,-2463.0,-5161.0,-4946.0,-413,vVIIIn,7.767290306091309,5
131,ch130-131,-2468.0,-5159.0,-4964.0,-413,vVIIIn,5.210194451468332,7
129,ch128-129,-2473.0,-5156.0,-4983.0,-413,vVIIIn,10.22237434387207,5
127,ch126-127,-2477.0,-5154.0,-5002.0,-413,vVIIIn,3.3452011346817017,4
125,ch124-125,-2482.0,-5151.0,-5021.0,-413,vVIIIn,6.634737730026245,2
123,ch122-123,-2487.0,-5149.0,-5040.0,-413,vVIIIn,9.23569631576538,3
121,ch120-121,-2490.0,-5147.0,-5060.0,-413,vVIIIn,6.774383068084717,3
119,ch118-119,-2493.0,-5146.0,-5079.0,-413,vVIIIn,6.623233318328857,1
117,ch116-117,-2496.0,-5144.0,-5098.0,-413,vVIIIn,14.617852687835693,2
115,ch114-115,-2499.0,-5143.0,-5118.0,-413,vVIIIn,8.187643051147461,3
113,ch112-113,-2502.0,-5141.0,-5137.0,-413,vVIIIn,10.065526962280273,4
111,ch110-111,-2505.0,-5140.0,-5157.0,-413,vVIIIn,5.881004333496094,2
109,ch108-109,-2508.0,-5139.0,-5176.0,-413,vVIIIn,11.894603729248047,6
107,ch106-107,-2511.0,-5137.0,-5195.0,-413,vVIIIn,6.796036511659622,4
105,ch104-105,-2514.0,-5136.0,-5215.0,-413,vVIIIn,,0
103,ch102-103,-2517.0,-5134.0,-5234.0,-413,vVIIIn,5.520484368006389,3
101,ch100-101,-2520.0,-5133.0,-5253.0,-413,vVIIIn,9.055493831634521,2
99,ch098-099,-2523.0,-5131.0,-5273.0,-413,vVIIIn,5.533886919418971,3
97,ch096-097,-2526.0,-5130.0,-5292.0,-413,vVIIIn,3.6885994970798492,4
95,ch094-095,-2529.0,-5129.0,-5312.0,-413,vVIIIn,4.286380290985107,4
93,ch092-093,-2532.0,-5127.0,-5331.0,-413,vVIIIn,5.0811357498168945,1
91,ch090-091,-2535.0,-5126.0,-5350.0,-413,vVIIIn,3.2062149047851562,3
89,ch088-089,-2538.0,-5125.0,-5370.0,-413,vVIIIn,3.764949083328247,1
87,ch086-087,-2542.0,-5125.0,-5389.0,-413,vVIIIn,24.8522891998291,1
85,ch084-085,-2546.0,-5125.0,-5408.0,-413,vVIIIn,,0
83,ch082-083,-2550.0,-5125.0,-5428.0,-413,vVIIIn,2.459453821182251,1
81,ch080-081,-2554.0,-5125.0,-5447.0,-413,vVIIIn,3.053399443626404,2
79,ch078-079,-2557.0,-5125.0,-5466.0,-413,vVIIIn,18.27019437154134,3
77,ch076-077,-2561.0,-5125.0,-5486.0,-413,vVIIIn,7.514558374881744,2
75,ch074-075,-2565.0,-5125.0,-5505.0,-413,vVIIIn,12.407435417175293,1
73,ch072-073,-2569.0,-5125.0,-5524.0,-413,vVIIIn,6.110827922821045,3
71,ch070-071,-2573.0,-5125.0,-5543.0,-354,MY,,0
69,ch068-069,-2577.0,-5125.0,-5563.0,-101,VCO,4.81887457370758,5
67,ch066-067,-2580.0,-5125.0,-5582.0,-101,VCO,12.0022132396698,2
65,ch064-065,-2584.0,-5125.0,-5601.0,-101,VCO,6.7518768310546875,2
63,ch062-063,-2588.0,-5125.0,-5621.0,-101,VCO,9.585485816001892,3
61,ch060-061,-2591.0,-5125.0,-5640.0,-101,VCO,21.098265171051025,2
59,ch058-059,-2594.0,-5125.0,-5660.0,-101,VCO,8.230175018310547,1
57,ch056-057,-2597.0,-5125.0,-5679.0,-101,VCO,65.49533081054688,1
55,ch054-055,-2600.0,-5125.0,-5698.0,-101,VCO,,0
53,ch052-053,-2603.0,-5125.0,-5718.0,-101,VCO,,0
51,ch050-051,-2606.0,-5125.0,-5737.0,-101,VCO,17.988658269246418,3
49,ch048-049,-2609.0,-5125.0,-5757.0,-101,VCO,16.82803686459859,3
47,ch046-047,-2612.0,-5125.0,-5776.0,-101,VCO,,0
45,ch044-045,-2615.0,-5125.0,-5796.0,-101,VCO,,0
43,ch042-043,-2618.0,-5125.0,-5815.0,-101,VCO,63.48142433166504,2
41,ch040-041,-2621.0,-5125.0,-5835.0,-101,VCO,23.59025764465332,1
39,ch038-039,-2624.0,-5125.0,-5854.0,-101,VCO,,0
37,ch036-037,-2627.0,-5125.0,-5873.0,-101,VCO,51.566951751708984,1
35,ch034-035,-2630.0,-5125.0,-5893.0,-101,VCO,,0
33,ch032-033,-2633.0,-5125.0,-5912.0,-101,VCO,,0
31,ch030-031,-2636.0,-5125.0,-5932.0,-101,VCO,,0
29,ch028-029,-2639.0,-5124.0,-5951.0,-101,VCO,,0
27,ch026-027,-2643.0,-5123.0,-5970.0,-101,VCO,,0
25,ch024-025,-2646.0,-5122.0,-5990.0,-101,VCO,,0
23,ch022-023,-2650.0,-5121.0,-6009.0,-101,VCO,53.0904541015625,1
21,ch020-021,-2653.0,-5120.0,-6028.0,-101,VCO,,0
19,ch018-019,-2657.0,-5119.0,-6048.0,-101,VCO,,0
17,ch016-017,-2660.0,-5118.0,-6067.0,-101,VCO,,0
15,ch014-015,-2664.0,-5117.0,-6087.0,-101,VCO,32.955565452575684,2
13,ch012-013,-2667.0,-5116.0,-6106.0,-101,VCO,,0
11,ch010-011,-2671.0,-5115.0,-6125.0,-101,VCO,38.67190170288086,1
9,ch008-009,-2674.0,-5114.0,-6145.0,-101,VCO,34.310333251953125,1
7,ch006-007,-2678.0,-5113.0,-6164.0,-101,VCO,19.38045883178711,1
5,ch004-005,-2681.0,-5112.0,-6183.0,-354,MY,40.733917236328125,1
3,ch002-003,-2685.0,-5112.0,-6203.0,-354,MY,,0
1,ch000-001,-2688.0,-5111.0,-6222.0,-354,MY,3.93949556350708,1
